season,team,played,wins,draws,losses,goals_for,goals_against,goal_diff,points
1993-1994,Man United,42,27,11,4,80.0,38.0,42.0,92
1993-1994,Blackburn,42,25,9,8,63.0,36.0,27.0,84
1993-1994,Newcastle,42,23,8,11,82.0,41.0,41.0,77
1993-1994,Arsenal,42,18,17,7,53.0,28.0,25.0,71
1993-1994,Leeds,42,18,16,8,65.0,39.0,26.0,70
1993-1994,Wimbledon,42,18,11,13,56.0,53.0,3.0,65
1993-1994,Sheffield Weds,42,16,16,10,76.0,54.0,22.0,64
1993-1994,Liverpool,42,17,9,16,59.0,55.0,4.0,60
1993-1994,QPR,42,16,12,14,62.0,61.0,1.0,60
1993-1994,Aston Villa,42,15,12,15,46.0,50.0,-4.0,57
1993-1994,Coventry,42,14,14,14,43.0,45.0,-2.0,56
1993-1994,Norwich,42,12,17,13,65.0,61.0,4.0,53
1993-1994,West Ham,42,13,13,16,47.0,58.0,-11.0,52
1993-1994,Chelsea,42,13,12,17,49.0,53.0,-4.0,51
1993-1994,Man City,42,9,18,15,38.0,49.0,-11.0,45
1993-1994,Tottenham,42,11,12,19,54.0,59.0,-5.0,45
1993-1994,Everton,42,12,8,22,42.0,63.0,-21.0,44
1993-1994,Southampton,42,12,7,23,49.0,66.0,-17.0,43
1993-1994,Ipswich,42,9,16,17,35.0,58.0,-23.0,43
1993-1994,Sheffield United,42,8,18,16,42.0,60.0,-18.0,42
1993-1994,Oldham,42,9,13,20,42.0,68.0,-26.0,40
1993-1994,Swindon,42,5,15,22,47.0,100.0,-53.0,30
1994-1995,Blackburn,42,27,8,7,80.0,39.0,41.0,89
1994-1995,Man United,42,26,10,6,77.0,28.0,49.0,88
1994-1995,Nott'm Forest,42,22,11,9,72.0,43.0,29.0,77
1994-1995,Liverpool,42,21,11,10,65.0,37.0,28.0,74
1994-1995,Leeds,42,20,13,9,59.0,38.0,21.0,73
1994-1995,Newcastle,42,20,12,10,67.0,47.0,20.0,72
1994-1995,Tottenham,42,16,14,12,66.0,58.0,8.0,62
1994-1995,QPR,42,17,9,16,61.0,59.0,2.0,60
1994-1995,Wimbledon,42,15,11,16,48.0,65.0,-17.0,56
1994-1995,Southampton,42,12,18,12,61.0,63.0,-2.0,54
1994-1995,Chelsea,42,13,15,14,50.0,55.0,-5.0,54
1994-1995,Sheffield Weds,42,13,12,17,49.0,57.0,-8.0,51
1994-1995,Arsenal,42,13,12,17,52.0,49.0,3.0,51
1994-1995,West Ham,42,13,11,18,44.0,48.0,-4.0,50
1994-1995,Coventry,42,12,14,16,44.0,62.0,-18.0,50
1994-1995,Everton,42,11,17,14,44.0,51.0,-7.0,50
1994-1995,Man City,42,12,13,17,53.0,64.0,-11.0,49
1994-1995,Aston Villa,42,11,15,16,51.0,56.0,-5.0,48
1994-1995,Crystal Palace,42,11,12,19,34.0,49.0,-15.0,45
1994-1995,Norwich,42,10,13,19,37.0,54.0,-17.0,43
1994-1995,Leicester,42,6,11,25,45.0,80.0,-35.0,29
1994-1995,Ipswich,42,7,6,29,36.0,93.0,-57.0,27
1995-1996,Man United,38,25,7,6,73.0,35.0,38.0,82
1995-1996,Newcastle,38,24,6,8,66.0,37.0,29.0,78
1995-1996,Liverpool,38,20,11,7,70.0,34.0,36.0,71
1995-1996,Aston Villa,38,18,9,11,52.0,35.0,17.0,63
1995-1996,Arsenal,38,17,12,9,49.0,32.0,17.0,63
1995-1996,Blackburn,38,18,7,13,61.0,47.0,14.0,61
1995-1996,Tottenham,38,16,13,9,50.0,38.0,12.0,61
1995-1996,Everton,38,17,10,11,64.0,44.0,20.0,61
1995-1996,Nott'm Forest,38,15,13,10,50.0,54.0,-4.0,58
1995-1996,West Ham,38,14,9,15,43.0,52.0,-9.0,51
1995-1996,Chelsea,38,12,14,12,46.0,44.0,2.0,50
1995-1996,Leeds,38,12,7,19,40.0,57.0,-17.0,43
1995-1996,Middlesbrough,38,11,10,17,35.0,50.0,-15.0,43
1995-1996,Wimbledon,38,10,11,17,55.0,70.0,-15.0,41
1995-1996,Sheffield Weds,38,10,10,18,48.0,61.0,-13.0,40
1995-1996,Southampton,38,9,11,18,34.0,52.0,-18.0,38
1995-1996,Man City,38,9,11,18,33.0,58.0,-25.0,38
1995-1996,Coventry,38,8,14,16,42.0,60.0,-18.0,38
1995-1996,QPR,38,9,6,23,38.0,57.0,-19.0,33
1995-1996,Bolton,38,8,5,25,39.0,71.0,-32.0,29
1996-1997,Man United,38,21,12,5,76.0,44.0,32.0,75
1996-1997,Arsenal,38,19,11,8,62.0,32.0,30.0,68
1996-1997,Liverpool,38,19,11,8,62.0,37.0,25.0,68
1996-1997,Newcastle,38,19,11,8,73.0,40.0,33.0,68
1996-1997,Aston Villa,38,17,10,11,47.0,34.0,13.0,61
1996-1997,Chelsea,38,16,11,11,58.0,55.0,3.0,59
1996-1997,Sheffield Weds,38,14,15,9,50.0,51.0,-1.0,57
1996-1997,Wimbledon,38,15,11,12,49.0,46.0,3.0,56
1996-1997,Leicester,38,12,11,15,46.0,54.0,-8.0,47
1996-1997,Derby,38,11,13,14,45.0,58.0,-13.0,46
1996-1997,Leeds,38,11,13,14,28.0,38.0,-10.0,46
1996-1997,Tottenham,38,13,7,18,44.0,51.0,-7.0,46
1996-1997,Everton,38,10,12,16,44.0,57.0,-13.0,42
1996-1997,Middlesbrough,38,10,12,16,51.0,60.0,-9.0,42
1996-1997,Blackburn,38,9,15,14,42.0,43.0,-1.0,42
1996-1997,West Ham,38,10,12,16,39.0,48.0,-9.0,42
1996-1997,Coventry,38,9,14,15,38.0,54.0,-16.0,41
1996-1997,Southampton,38,10,11,17,50.0,56.0,-6.0,41
1996-1997,Sunderland,38,10,10,18,35.0,53.0,-18.0,40
1996-1997,Nott'm Forest,38,6,16,16,31.0,59.0,-28.0,34
1997-1998,Arsenal,38,23,9,6,68.0,33.0,35.0,78
1997-1998,Man United,38,23,8,7,73.0,26.0,47.0,77
1997-1998,Liverpool,38,18,11,9,68.0,42.0,26.0,65
1997-1998,Chelsea,38,20,3,15,71.0,43.0,28.0,63
1997-1998,Leeds,38,17,8,13,57.0,46.0,11.0,59
1997-1998,Blackburn,38,16,10,12,57.0,52.0,5.0,58
1997-1998,Aston Villa,38,17,6,15,49.0,48.0,1.0,57
1997-1998,West Ham,38,16,8,14,56.0,57.0,-1.0,56
1997-1998,Derby,38,16,7,15,52.0,49.0,3.0,55
1997-1998,Leicester,38,13,14,11,51.0,41.0,10.0,53
1997-1998,Coventry,38,12,16,10,46.0,44.0,2.0,52
1997-1998,Southampton,38,14,6,18,50.0,55.0,-5.0,48
1997-1998,Wimbledon,38,10,14,14,34.0,46.0,-12.0,44
1997-1998,Newcastle,38,11,11,16,35.0,44.0,-9.0,44
1997-1998,Tottenham,38,11,11,16,44.0,56.0,-12.0,44
1997-1998,Sheffield Weds,38,12,8,18,52.0,67.0,-15.0,44
1997-1998,Everton,38,9,13,16,41.0,56.0,-15.0,40
1997-1998,Bolton,38,9,13,16,41.0,61.0,-20.0,40
1997-1998,Barnsley,38,10,5,23,37.0,82.0,-45.0,35
1997-1998,Crystal Palace,38,8,9,21,37.0,71.0,-34.0,33
1998-1999,Man United,38,22,13,3,80.0,37.0,43.0,79
1998-1999,Arsenal,38,22,12,4,59.0,17.0,42.0,78
1998-1999,Chelsea,38,20,15,3,57.0,30.0,27.0,75
1998-1999,Leeds,38,18,13,7,62.0,34.0,28.0,67
1998-1999,West Ham,38,16,9,13,46.0,53.0,-7.0,57
1998-1999,Aston Villa,38,15,10,13,51.0,46.0,5.0,55
1998-1999,Liverpool,38,15,9,14,68.0,49.0,19.0,54
1998-1999,Derby,38,13,13,12,40.0,45.0,-5.0,52
1998-1999,Middlesbrough,38,12,15,11,48.0,54.0,-6.0,51
1998-1999,Leicester,38,12,13,13,40.0,46.0,-6.0,49
1998-1999,Tottenham,38,11,14,13,47.0,50.0,-3.0,47
1998-1999,Newcastle,38,11,13,14,48.0,54.0,-6.0,46
1998-1999,Sheffield Weds,38,13,7,18,41.0,42.0,-1.0,46
1998-1999,Everton,38,11,10,17,42.0,47.0,-5.0,43
1998-1999,Wimbledon,38,10,12,16,40.0,63.0,-23.0,42
1998-1999,Coventry,38,11,9,18,39.0,51.0,-12.0,42
1998-1999,Southampton,38,11,8,19,37.0,64.0,-27.0,41
1998-1999,Charlton,38,8,12,18,41.0,56.0,-15.0,36
1998-1999,Blackburn,38,7,14,17,38.0,52.0,-14.0,35
1998-1999,Nott'm Forest,38,7,9,22,35.0,69.0,-34.0,30
1999-2000,Man United,38,28,7,3,97.0,45.0,52.0,91
1999-2000,Arsenal,38,22,7,9,73.0,43.0,30.0,73
1999-2000,Leeds,38,21,6,11,58.0,43.0,15.0,69
1999-2000,Liverpool,38,19,10,9,51.0,30.0,21.0,67
1999-2000,Chelsea,38,18,11,9,53.0,34.0,19.0,65
1999-2000,Sunderland,38,16,10,12,57.0,56.0,1.0,58
1999-2000,Aston Villa,38,15,13,10,46.0,35.0,11.0,58
1999-2000,West Ham,38,15,10,13,52.0,53.0,-1.0,55
1999-2000,Leicester,38,16,7,15,55.0,55.0,0.0,55
1999-2000,Tottenham,38,15,8,15,57.0,49.0,8.0,53
1999-2000,Newcastle,38,14,10,14,63.0,54.0,9.0,52
1999-2000,Middlesbrough,38,14,10,14,46.0,52.0,-6.0,52
1999-2000,Everton,38,12,14,12,59.0,49.0,10.0,50
1999-2000,Coventry,38,12,8,18,47.0,54.0,-7.0,44
1999-2000,Southampton,38,12,8,18,45.0,62.0,-17.0,44
1999-2000,Derby,38,9,11,18,44.0,57.0,-13.0,38
1999-2000,Bradford,38,9,9,20,38.0,68.0,-30.0,36
1999-2000,Wimbledon,38,7,12,19,46.0,74.0,-28.0,33
1999-2000,Sheffield Weds,38,8,7,23,38.0,70.0,-32.0,31
1999-2000,Watford,38,6,6,26,35.0,77.0,-42.0,24
2000-2001,Man United,38,24,8,6,79.0,31.0,48.0,80
2000-2001,Arsenal,38,20,10,8,63.0,38.0,25.0,70
2000-2001,Liverpool,38,20,9,9,71.0,39.0,32.0,69
2000-2001,Leeds,38,20,8,10,64.0,43.0,21.0,68
2000-2001,Ipswich,38,20,6,12,57.0,42.0,15.0,66
2000-2001,Chelsea,38,17,10,11,68.0,45.0,23.0,61
2000-2001,Sunderland,38,15,12,11,46.0,41.0,5.0,57
2000-2001,Aston Villa,38,13,15,10,46.0,43.0,3.0,54
2000-2001,Charlton,38,14,10,14,50.0,57.0,-7.0,52
2000-2001,Southampton,38,14,10,14,40.0,48.0,-8.0,52
2000-2001,Newcastle,38,14,9,15,44.0,50.0,-6.0,51
2000-2001,Tottenham,38,13,10,15,47.0,54.0,-7.0,49
2000-2001,Leicester,38,14,6,18,39.0,51.0,-12.0,48
2000-2001,Derby,38,10,12,16,37.0,59.0,-22.0,42
2000-2001,Middlesbrough,38,9,15,14,44.0,44.0,0.0,42
2000-2001,Everton,38,11,9,18,45.0,59.0,-14.0,42
2000-2001,West Ham,38,10,12,16,45.0,50.0,-5.0,42
2000-2001,Coventry,38,8,10,20,36.0,63.0,-27.0,34
2000-2001,Man City,38,8,10,20,41.0,65.0,-24.0,34
2000-2001,Bradford,38,5,11,22,30.0,70.0,-40.0,26
2001-2002,Arsenal,38,26,9,3,79.0,36.0,43.0,87
2001-2002,Liverpool,38,24,8,6,67.0,30.0,37.0,80
2001-2002,Man United,38,24,5,9,87.0,45.0,42.0,77
2001-2002,Newcastle,38,21,8,9,74.0,52.0,22.0,71
2001-2002,Leeds,38,18,12,8,53.0,37.0,16.0,66
2001-2002,Chelsea,38,17,13,8,66.0,38.0,28.0,64
2001-2002,West Ham,38,15,8,15,48.0,57.0,-9.0,53
2001-2002,Tottenham,38,14,8,16,49.0,53.0,-4.0,50
2001-2002,Aston Villa,38,12,14,12,46.0,47.0,-1.0,50
2001-2002,Blackburn,38,12,10,16,55.0,51.0,4.0,46
2001-2002,Middlesbrough,38,12,9,17,35.0,47.0,-12.0,45
2001-2002,Southampton,38,12,9,17,46.0,54.0,-8.0,45
2001-2002,Charlton,38,10,14,14,38.0,49.0,-11.0,44
2001-2002,Fulham,38,10,14,14,36.0,44.0,-8.0,44
2001-2002,Everton,38,11,10,17,45.0,57.0,-12.0,43
2001-2002,Sunderland,38,10,10,18,29.0,51.0,-22.0,40
2001-2002,Bolton,38,9,13,16,44.0,62.0,-18.0,40
2001-2002,Ipswich,38,9,9,20,41.0,64.0,-23.0,36
2001-2002,Derby,38,8,6,24,33.0,63.0,-30.0,30
2001-2002,Leicester,38,5,13,20,30.0,64.0,-34.0,28
2002-2003,Man United,38,25,8,5,74.0,34.0,40.0,83
2002-2003,Arsenal,38,23,9,6,85.0,42.0,43.0,78
2002-2003,Newcastle,38,21,6,11,63.0,48.0,15.0,69
2002-2003,Chelsea,38,19,10,9,68.0,38.0,30.0,67
2002-2003,Liverpool,38,18,10,10,61.0,41.0,20.0,64
2002-2003,Blackburn,38,16,12,10,52.0,43.0,9.0,60
2002-2003,Everton,38,17,8,13,48.0,49.0,-1.0,59
2002-2003,Southampton,38,13,13,12,43.0,46.0,-3.0,52
2002-2003,Man City,38,15,6,17,47.0,54.0,-7.0,51
2002-2003,Tottenham,38,14,8,16,51.0,62.0,-11.0,50
2002-2003,Charlton,38,14,7,17,45.0,56.0,-11.0,49
2002-2003,Middlesbrough,38,13,10,15,48.0,44.0,4.0,49
2002-2003,Fulham,38,13,9,16,41.0,50.0,-9.0,48
2002-2003,Birmingham,38,13,9,16,41.0,49.0,-8.0,48
2002-2003,Leeds,38,14,5,19,58.0,57.0,1.0,47
2002-2003,Aston Villa,38,12,9,17,42.0,47.0,-5.0,45
2002-2003,Bolton,38,10,14,14,41.0,51.0,-10.0,44
2002-2003,West Ham,38,10,12,16,42.0,59.0,-17.0,42
2002-2003,West Brom,38,6,8,24,29.0,65.0,-36.0,26
2002-2003,Sunderland,38,4,7,27,21.0,65.0,-44.0,19
2003-2004,Arsenal,38,26,12,0,73.0,26.0,47.0,90
2003-2004,Chelsea,38,24,7,7,67.0,30.0,37.0,79
2003-2004,Man United,38,23,6,9,64.0,35.0,29.0,75
2003-2004,Liverpool,38,16,12,10,55.0,37.0,18.0,60
2003-2004,Newcastle,38,13,17,8,52.0,40.0,12.0,56
2003-2004,Aston Villa,38,15,11,12,48.0,44.0,4.0,56
2003-2004,Charlton,38,14,11,13,51.0,51.0,0.0,53
2003-2004,Bolton,38,14,11,13,48.0,56.0,-8.0,53
2003-2004,Fulham,38,14,10,14,52.0,46.0,6.0,52
2003-2004,Birmingham,38,12,14,12,43.0,48.0,-5.0,50
2003-2004,Middlesbrough,38,13,9,16,44.0,52.0,-8.0,48
2003-2004,Southampton,38,12,11,15,44.0,45.0,-1.0,47
2003-2004,Portsmouth,38,12,9,17,47.0,54.0,-7.0,45
2003-2004,Tottenham,38,13,6,19,47.0,57.0,-10.0,45
2003-2004,Blackburn,38,12,8,18,51.0,59.0,-8.0,44
2003-2004,Man City,38,9,14,15,55.0,54.0,1.0,41
2003-2004,Everton,38,9,12,17,45.0,57.0,-12.0,39
2003-2004,Leicester,38,6,15,17,48.0,65.0,-17.0,33
2003-2004,Leeds,38,8,9,21,40.0,79.0,-39.0,33
2003-2004,Wolves,38,7,12,19,38.0,77.0,-39.0,33
2004-2005,Chelsea,38,29,8,1,72.0,15.0,57.0,95
2004-2005,Arsenal,38,25,8,5,87.0,36.0,51.0,83
2004-2005,Man United,38,22,11,5,58.0,26.0,32.0,77
2004-2005,Everton,38,18,7,13,45.0,46.0,-1.0,61
2004-2005,Bolton,38,16,10,12,49.0,44.0,5.0,58
2004-2005,Liverpool,38,17,7,14,52.0,41.0,11.0,58
2004-2005,Middlesbrough,38,14,13,11,53.0,46.0,7.0,55
2004-2005,Tottenham,38,14,10,14,47.0,41.0,6.0,52
2004-2005,Man City,38,13,13,12,47.0,39.0,8.0,52
2004-2005,Aston Villa,38,12,11,15,45.0,52.0,-7.0,47
2004-2005,Charlton,38,12,10,16,42.0,58.0,-16.0,46
2004-2005,Birmingham,38,11,12,15,40.0,46.0,-6.0,45
2004-2005,Fulham,38,12,8,18,52.0,60.0,-8.0,44
2004-2005,Newcastle,38,10,14,14,47.0,57.0,-10.0,44
2004-2005,Blackburn,38,9,15,14,32.0,43.0,-11.0,42
2004-2005,Portsmouth,38,10,9,19,43.0,59.0,-16.0,39
2004-2005,West Brom,38,6,16,16,36.0,61.0,-25.0,34
2004-2005,Norwich,38,7,12,19,42.0,77.0,-35.0,33
2004-2005,Crystal Palace,38,7,12,19,41.0,62.0,-21.0,33
2004-2005,Southampton,38,6,14,18,45.0,66.0,-21.0,32
2005-2006,Chelsea,38,29,4,5,72.0,22.0,50.0,91
2005-2006,Man United,38,25,8,5,72.0,34.0,38.0,83
2005-2006,Liverpool,38,25,7,6,57.0,25.0,32.0,82
2005-2006,Arsenal,38,20,7,11,68.0,31.0,37.0,67
2005-2006,Tottenham,38,18,11,9,53.0,38.0,15.0,65
2005-2006,Blackburn,38,19,6,13,51.0,42.0,9.0,63
2005-2006,Newcastle,38,17,7,14,47.0,42.0,5.0,58
2005-2006,Bolton,38,15,11,12,49.0,41.0,8.0,56
2005-2006,West Ham,38,16,7,15,52.0,55.0,-3.0,55
2005-2006,Wigan,38,15,6,17,45.0,52.0,-7.0,51
2005-2006,Everton,38,14,8,16,34.0,49.0,-15.0,50
2005-2006,Fulham,38,14,6,18,48.0,58.0,-10.0,48
2005-2006,Charlton,38,13,8,17,41.0,55.0,-14.0,47
2005-2006,Middlesbrough,38,12,9,17,48.0,58.0,-10.0,45
2005-2006,Man City,38,13,4,21,43.0,48.0,-5.0,43
2005-2006,Aston Villa,38,10,12,16,42.0,55.0,-13.0,42
2005-2006,Portsmouth,38,10,8,20,37.0,62.0,-25.0,38
2005-2006,Birmingham,38,8,10,20,28.0,50.0,-22.0,34
2005-2006,West Brom,38,7,9,22,31.0,58.0,-27.0,30
2005-2006,Sunderland,38,3,6,29,26.0,69.0,-43.0,15
2006-2007,Man United,38,28,5,5,83.0,27.0,56.0,89
2006-2007,Chelsea,38,24,11,3,64.0,24.0,40.0,83
2006-2007,Arsenal,38,19,11,8,63.0,35.0,28.0,68
2006-2007,Liverpool,38,20,8,10,57.0,27.0,30.0,68
2006-2007,Tottenham,38,17,9,12,57.0,54.0,3.0,60
2006-2007,Everton,38,15,13,10,52.0,36.0,16.0,58
2006-2007,Bolton,38,16,8,14,47.0,52.0,-5.0,56
2006-2007,Reading,38,16,7,15,52.0,47.0,5.0,55
2006-2007,Portsmouth,38,14,12,12,45.0,42.0,3.0,54
2006-2007,Blackburn,38,15,7,16,52.0,54.0,-2.0,52
2006-2007,Aston Villa,38,11,17,10,43.0,41.0,2.0,50
2006-2007,Middlesbrough,38,12,10,16,44.0,49.0,-5.0,46
2006-2007,Newcastle,38,11,10,17,38.0,47.0,-9.0,43
2006-2007,Man City,38,11,9,18,29.0,44.0,-15.0,42
2006-2007,West Ham,38,12,5,21,35.0,59.0,-24.0,41
2006-2007,Fulham,38,8,15,15,38.0,60.0,-22.0,39
2006-2007,Sheffield United,38,10,8,20,32.0,55.0,-23.0,38
2006-2007,Wigan,38,10,8,20,37.0,59.0,-22.0,38
2006-2007,Charlton,38,8,10,20,34.0,60.0,-26.0,34
2006-2007,Watford,38,5,13,20,29.0,59.0,-30.0,28
2007-2008,Man United,38,27,6,5,80.0,22.0,58.0,87
2007-2008,Chelsea,38,25,10,3,65.0,26.0,39.0,85
2007-2008,Arsenal,38,24,11,3,74.0,31.0,43.0,83
2007-2008,Liverpool,38,21,13,4,67.0,28.0,39.0,76
2007-2008,Everton,38,19,8,11,55.0,33.0,22.0,65
2007-2008,Aston Villa,38,16,12,10,71.0,51.0,20.0,60
2007-2008,Blackburn,38,15,13,10,50.0,48.0,2.0,58
2007-2008,Portsmouth,38,16,9,13,48.0,40.0,8.0,57
2007-2008,Man City,38,15,10,13,45.0,53.0,-8.0,55
2007-2008,West Ham,38,13,10,15,42.0,50.0,-8.0,49
2007-2008,Tottenham,38,11,13,14,66.0,61.0,5.0,46
2007-2008,Newcastle,38,11,10,17,45.0,65.0,-20.0,43
2007-2008,Middlesbrough,38,10,12,16,43.0,53.0,-10.0,42
2007-2008,Wigan,38,10,10,18,34.0,51.0,-17.0,40
2007-2008,Sunderland,38,11,6,21,36.0,59.0,-23.0,39
2007-2008,Bolton,38,9,10,19,36.0,54.0,-18.0,37
2007-2008,Fulham,38,8,12,18,38.0,60.0,-22.0,36
2007-2008,Reading,38,10,6,22,41.0,66.0,-25.0,36
2007-2008,Birmingham,38,8,11,19,46.0,62.0,-16.0,35
2007-2008,Derby,38,1,8,29,20.0,89.0,-69.0,11
2008-2009,Man United,38,28,6,4,68.0,24.0,44.0,90
2008-2009,Liverpool,38,25,11,2,77.0,27.0,50.0,86
2008-2009,Chelsea,38,25,8,5,68.0,24.0,44.0,83
2008-2009,Arsenal,38,20,12,6,68.0,37.0,31.0,72
2008-2009,Everton,38,17,12,9,55.0,37.0,18.0,63
2008-2009,Aston Villa,38,17,11,10,54.0,48.0,6.0,62
2008-2009,Fulham,38,14,11,13,39.0,34.0,5.0,53
2008-2009,West Ham,38,14,9,15,42.0,45.0,-3.0,51
2008-2009,Tottenham,38,14,9,15,45.0,45.0,0.0,51
2008-2009,Man City,38,15,5,18,58.0,50.0,8.0,50
2008-2009,Stoke,38,12,9,17,38.0,55.0,-17.0,45
2008-2009,Wigan,38,12,9,17,34.0,45.0,-11.0,45
2008-2009,Bolton,38,11,8,19,41.0,53.0,-12.0,41
2008-2009,Blackburn,38,10,11,17,40.0,60.0,-20.0,41
2008-2009,Portsmouth,38,10,11,17,38.0,57.0,-19.0,41
2008-2009,Sunderland,38,9,9,20,34.0,54.0,-20.0,36
2008-2009,Hull,38,8,11,19,39.0,64.0,-25.0,35
2008-2009,Newcastle,38,7,13,18,40.0,59.0,-19.0,34
2008-2009,Middlesbrough,38,7,11,20,28.0,57.0,-29.0,32
2008-2009,West Brom,38,8,8,22,36.0,67.0,-31.0,32
2009-2010,Chelsea,38,27,5,6,103.0,32.0,71.0,86
2009-2010,Man United,38,27,4,7,86.0,28.0,58.0,85
2009-2010,Arsenal,38,23,6,9,83.0,41.0,42.0,75
2009-2010,Tottenham,38,21,7,10,67.0,41.0,26.0,70
2009-2010,Man City,38,18,13,7,73.0,45.0,28.0,67
2009-2010,Aston Villa,38,17,13,8,52.0,39.0,13.0,64
2009-2010,Liverpool,38,18,9,11,61.0,35.0,26.0,63
2009-2010,Everton,38,16,13,9,60.0,49.0,11.0,61
2009-2010,Blackburn,38,13,11,14,41.0,55.0,-14.0,50
2009-2010,Birmingham,38,13,11,14,38.0,47.0,-9.0,50
2009-2010,Stoke,38,11,14,13,34.0,48.0,-14.0,47
2009-2010,Fulham,38,12,10,16,39.0,46.0,-7.0,46
2009-2010,Sunderland,38,11,11,16,48.0,56.0,-8.0,44
2009-2010,Bolton,38,10,9,19,42.0,67.0,-25.0,39
2009-2010,Wolves,38,9,11,18,32.0,56.0,-24.0,38
2009-2010,Wigan,38,9,9,20,37.0,79.0,-42.0,36
2009-2010,West Ham,38,8,11,19,47.0,66.0,-19.0,35
2009-2010,Burnley,38,8,6,24,42.0,82.0,-40.0,30
2009-2010,Hull,38,6,12,20,34.0,75.0,-41.0,30
2009-2010,Portsmouth,38,7,7,24,34.0,66.0,-32.0,28
2010-2011,Man United,38,23,11,4,78.0,37.0,41.0,80
2010-2011,Chelsea,38,21,8,9,69.0,33.0,36.0,71
2010-2011,Man City,38,21,8,9,60.0,33.0,27.0,71
2010-2011,Arsenal,38,19,11,8,72.0,43.0,29.0,68
2010-2011,Tottenham,38,16,14,8,55.0,46.0,9.0,62
2010-2011,Liverpool,38,17,7,14,59.0,44.0,15.0,58
2010-2011,Everton,38,13,15,10,51.0,45.0,6.0,54
2010-2011,Fulham,38,11,16,11,49.0,43.0,6.0,49
2010-2011,Aston Villa,38,12,12,14,48.0,59.0,-11.0,48
2010-2011,Sunderland,38,12,11,15,45.0,56.0,-11.0,47
2010-2011,West Brom,38,12,11,15,56.0,71.0,-15.0,47
2010-2011,Bolton,38,12,10,16,52.0,56.0,-4.0,46
2010-2011,Stoke,38,13,7,18,46.0,48.0,-2.0,46
2010-2011,Newcastle,38,11,13,14,56.0,57.0,-1.0,46
2010-2011,Blackburn,38,11,10,17,46.0,59.0,-13.0,43
2010-2011,Wigan,38,9,15,14,40.0,61.0,-21.0,42
2010-2011,Wolves,38,11,7,20,46.0,66.0,-20.0,40
2010-2011,Birmingham,38,8,15,15,37.0,58.0,-21.0,39
2010-2011,Blackpool,38,10,9,19,55.0,78.0,-23.0,39
2010-2011,West Ham,38,7,12,19,43.0,70.0,-27.0,33
2011-2012,Man City,38,28,5,5,93.0,29.0,64.0,89
2011-2012,Man United,38,28,5,5,89.0,33.0,56.0,89
2011-2012,Arsenal,38,21,7,10,74.0,49.0,25.0,70
2011-2012,Tottenham,38,20,9,9,66.0,41.0,25.0,69
2011-2012,Newcastle,38,19,8,11,56.0,51.0,5.0,65
2011-2012,Chelsea,38,18,10,10,65.0,46.0,19.0,64
2011-2012,Everton,38,15,11,12,50.0,40.0,10.0,56
2011-2012,Fulham,38,14,10,14,48.0,51.0,-3.0,52
2011-2012,Liverpool,38,14,10,14,47.0,40.0,7.0,52
2011-2012,West Brom,38,13,8,17,45.0,52.0,-7.0,47
2011-2012,Swansea,38,12,11,15,44.0,51.0,-7.0,47
2011-2012,Norwich,38,12,11,15,52.0,66.0,-14.0,47
2011-2012,Stoke,38,11,12,15,36.0,53.0,-17.0,45
2011-2012,Sunderland,38,11,12,15,45.0,46.0,-1.0,45
2011-2012,Wigan,38,11,10,17,42.0,62.0,-20.0,43
2011-2012,Aston Villa,38,7,17,14,37.0,53.0,-16.0,38
2011-2012,QPR,38,10,7,21,43.0,66.0,-23.0,37
2011-2012,Bolton,38,10,6,22,46.0,77.0,-31.0,36
2011-2012,Blackburn,38,8,7,23,48.0,78.0,-30.0,31
2011-2012,Wolves,38,5,10,23,40.0,82.0,-42.0,25
2012-2013,Man United,38,28,5,5,86.0,43.0,43.0,89
2012-2013,Man City,38,23,9,6,66.0,34.0,32.0,78
2012-2013,Chelsea,38,22,9,7,75.0,39.0,36.0,75
2012-2013,Arsenal,38,21,10,7,72.0,37.0,35.0,73
2012-2013,Tottenham,38,21,9,8,66.0,46.0,20.0,72
2012-2013,Everton,38,16,15,7,55.0,40.0,15.0,63
2012-2013,Liverpool,38,16,13,9,71.0,43.0,28.0,61
2012-2013,West Brom,38,14,7,17,53.0,57.0,-4.0,49
2012-2013,West Ham,38,12,10,16,45.0,53.0,-8.0,46
2012-2013,Swansea,38,11,13,14,47.0,51.0,-4.0,46
2012-2013,Norwich,38,10,14,14,41.0,58.0,-17.0,44
2012-2013,Fulham,38,11,10,17,50.0,60.0,-10.0,43
2012-2013,Stoke,38,9,15,14,34.0,45.0,-11.0,42
2012-2013,Newcastle,38,11,8,19,45.0,68.0,-23.0,41
2012-2013,Aston Villa,38,10,11,17,47.0,69.0,-22.0,41
2012-2013,Southampton,38,9,14,15,49.0,60.0,-11.0,41
2012-2013,Sunderland,38,9,12,17,41.0,54.0,-13.0,39
2012-2013,Wigan,38,9,9,20,47.0,73.0,-26.0,36
2012-2013,Reading,38,6,10,22,43.0,73.0,-30.0,28
2012-2013,QPR,38,4,13,21,30.0,60.0,-30.0,25
2013-2014,Man City,38,27,5,6,102.0,37.0,65.0,86
2013-2014,Liverpool,38,26,6,6,101.0,50.0,51.0,84
2013-2014,Chelsea,38,25,7,6,71.0,27.0,44.0,82
2013-2014,Arsenal,38,24,7,7,68.0,41.0,27.0,79
2013-2014,Everton,38,21,9,8,61.0,39.0,22.0,72
2013-2014,Tottenham,38,21,6,11,55.0,51.0,4.0,69
2013-2014,Man United,38,19,7,12,64.0,43.0,21.0,64
2013-2014,Southampton,38,15,11,12,54.0,46.0,8.0,56
2013-2014,Stoke,38,13,11,14,45.0,52.0,-7.0,50
2013-2014,Newcastle,38,15,4,19,43.0,59.0,-16.0,49
2013-2014,Crystal Palace,38,13,6,19,33.0,48.0,-15.0,45
2013-2014,Swansea,38,11,9,18,54.0,54.0,0.0,42
2013-2014,West Ham,38,11,7,20,40.0,51.0,-11.0,40
2013-2014,Sunderland,38,10,8,20,41.0,60.0,-19.0,38
2013-2014,Aston Villa,38,10,8,20,39.0,61.0,-22.0,38
2013-2014,Hull,38,10,7,21,38.0,53.0,-15.0,37
2013-2014,West Brom,38,7,15,16,43.0,59.0,-16.0,36
2013-2014,Norwich,38,8,9,21,28.0,62.0,-34.0,33
2013-2014,Fulham,38,9,5,24,40.0,85.0,-45.0,32
2013-2014,Cardiff,38,7,9,22,32.0,74.0,-42.0,30
2014-2015,Chelsea,38,26,9,3,73.0,32.0,41.0,87
2014-2015,Man City,38,24,7,7,83.0,38.0,45.0,79
2014-2015,Arsenal,38,22,9,7,71.0,36.0,35.0,75
2014-2015,Man United,38,20,10,8,62.0,37.0,25.0,70
2014-2015,Tottenham,38,19,7,12,58.0,53.0,5.0,64
2014-2015,Liverpool,38,18,8,12,52.0,48.0,4.0,62
2014-2015,Southampton,38,18,6,14,54.0,33.0,21.0,60
2014-2015,Swansea,38,16,8,14,46.0,49.0,-3.0,56
2014-2015,Stoke,38,15,9,14,48.0,45.0,3.0,54
2014-2015,Crystal Palace,38,13,9,16,47.0,51.0,-4.0,48
2014-2015,West Ham,38,12,11,15,44.0,47.0,-3.0,47
2014-2015,Everton,38,12,11,15,48.0,50.0,-2.0,47
2014-2015,West Brom,38,11,11,16,38.0,51.0,-13.0,44
2014-2015,Leicester,38,11,8,19,46.0,55.0,-9.0,41
2014-2015,Newcastle,38,10,9,19,40.0,63.0,-23.0,39
2014-2015,Aston Villa,38,10,8,20,31.0,57.0,-26.0,38
2014-2015,Sunderland,38,7,17,14,31.0,53.0,-22.0,38
2014-2015,Hull,38,8,11,19,33.0,51.0,-18.0,35
2014-2015,Burnley,38,7,12,19,28.0,53.0,-25.0,33
2014-2015,QPR,38,8,6,24,42.0,73.0,-31.0,30
2015-2016,Leicester,38,23,12,3,68.0,36.0,32.0,81
2015-2016,Arsenal,38,20,11,7,65.0,36.0,29.0,71
2015-2016,Tottenham,38,19,13,6,69.0,35.0,34.0,70
2015-2016,Man United,38,19,9,10,49.0,35.0,14.0,66
2015-2016,Man City,38,19,9,10,71.0,41.0,30.0,66
2015-2016,Southampton,38,18,9,11,59.0,41.0,18.0,63
2015-2016,West Ham,38,16,14,8,65.0,51.0,14.0,62
2015-2016,Liverpool,38,16,12,10,63.0,50.0,13.0,60
2015-2016,Stoke,38,14,9,15,41.0,55.0,-14.0,51
2015-2016,Chelsea,38,12,14,12,59.0,53.0,6.0,50
2015-2016,Everton,38,11,14,13,59.0,55.0,4.0,47
2015-2016,Swansea,38,12,11,15,42.0,52.0,-10.0,47
2015-2016,Watford,38,12,9,17,40.0,50.0,-10.0,45
2015-2016,West Brom,38,10,13,15,34.0,48.0,-14.0,43
2015-2016,Bournemouth,38,11,9,18,45.0,67.0,-22.0,42
2015-2016,Crystal Palace,38,11,9,18,39.0,51.0,-12.0,42
2015-2016,Sunderland,38,9,12,17,48.0,62.0,-14.0,39
2015-2016,Newcastle,38,9,10,19,44.0,65.0,-21.0,37
2015-2016,Norwich,38,9,7,22,39.0,67.0,-28.0,34
2015-2016,Aston Villa,38,3,8,27,27.0,76.0,-49.0,17
2016-2017,Chelsea,38,30,3,5,85.0,33.0,52.0,93
2016-2017,Tottenham,38,26,8,4,86.0,26.0,60.0,86
2016-2017,Man City,38,23,9,6,80.0,39.0,41.0,78
2016-2017,Liverpool,38,22,10,6,78.0,42.0,36.0,76
2016-2017,Arsenal,38,23,6,9,77.0,44.0,33.0,75
2016-2017,Man United,38,18,15,5,54.0,29.0,25.0,69
2016-2017,Everton,38,17,10,11,62.0,44.0,18.0,61
2016-2017,Southampton,38,12,10,16,41.0,48.0,-7.0,46
2016-2017,Bournemouth,38,12,10,16,55.0,67.0,-12.0,46
2016-2017,West Brom,38,12,9,17,43.0,51.0,-8.0,45
2016-2017,West Ham,38,12,9,17,47.0,64.0,-17.0,45
2016-2017,Leicester,38,12,8,18,48.0,63.0,-15.0,44
2016-2017,Stoke,38,11,11,16,41.0,56.0,-15.0,44
2016-2017,Crystal Palace,38,12,5,21,50.0,63.0,-13.0,41
2016-2017,Swansea,38,12,5,21,45.0,70.0,-25.0,41
2016-2017,Burnley,38,11,7,20,39.0,55.0,-16.0,40
2016-2017,Watford,38,11,7,20,40.0,68.0,-28.0,40
2016-2017,Hull,38,9,7,22,37.0,80.0,-43.0,34
2016-2017,Middlesbrough,38,5,13,20,27.0,53.0,-26.0,28
2016-2017,Sunderland,38,6,6,26,29.0,69.0,-40.0,24
2017-2018,Man City,38,32,4,2,106.0,27.0,79.0,100
2017-2018,Man United,38,25,6,7,68.0,28.0,40.0,81
2017-2018,Tottenham,38,23,8,7,74.0,36.0,38.0,77
2017-2018,Liverpool,38,21,12,5,84.0,38.0,46.0,75
2017-2018,Chelsea,38,21,7,10,62.0,38.0,24.0,70
2017-2018,Arsenal,38,19,6,13,74.0,51.0,23.0,63
2017-2018,Burnley,38,14,12,12,36.0,39.0,-3.0,54
2017-2018,Everton,38,13,10,15,44.0,58.0,-14.0,49
2017-2018,Leicester,38,12,11,15,56.0,60.0,-4.0,47
2017-2018,Crystal Palace,38,11,11,16,45.0,55.0,-10.0,44
2017-2018,Newcastle,38,12,8,18,39.0,47.0,-8.0,44
2017-2018,Bournemouth,38,11,11,16,45.0,61.0,-16.0,44
2017-2018,West Ham,38,10,12,16,48.0,68.0,-20.0,42
2017-2018,Watford,38,11,8,19,44.0,64.0,-20.0,41
2017-2018,Brighton,38,9,13,16,34.0,54.0,-20.0,40
2017-2018,Huddersfield,38,9,10,19,28.0,58.0,-30.0,37
2017-2018,Southampton,38,7,15,16,37.0,56.0,-19.0,36
2017-2018,Swansea,38,8,9,21,28.0,56.0,-28.0,33
2017-2018,Stoke,38,7,12,19,35.0,68.0,-33.0,33
2017-2018,West Brom,38,6,13,19,31.0,56.0,-25.0,31
2018-2019,Man City,38,32,2,4,95.0,23.0,72.0,98
2018-2019,Liverpool,38,30,7,1,89.0,22.0,67.0,97
2018-2019,Chelsea,38,21,9,8,63.0,39.0,24.0,72
2018-2019,Tottenham,38,23,2,13,67.0,39.0,28.0,71
2018-2019,Arsenal,38,21,7,10,73.0,51.0,22.0,70
2018-2019,Man United,38,19,9,10,65.0,54.0,11.0,66
2018-2019,Wolves,38,16,9,13,47.0,46.0,1.0,57
2018-2019,Everton,38,15,9,14,54.0,46.0,8.0,54
2018-2019,Leicester,38,15,7,16,51.0,48.0,3.0,52
2018-2019,West Ham,38,15,7,16,52.0,55.0,-3.0,52
2018-2019,Watford,38,14,8,16,52.0,59.0,-7.0,50
2018-2019,Crystal Palace,38,14,7,17,51.0,53.0,-2.0,49
2018-2019,Bournemouth,38,13,6,19,56.0,70.0,-14.0,45
2018-2019,Newcastle,38,12,9,17,42.0,48.0,-6.0,45
2018-2019,Burnley,38,11,7,20,45.0,68.0,-23.0,40
2018-2019,Southampton,38,9,12,17,45.0,65.0,-20.0,39
2018-2019,Brighton,38,9,9,20,35.0,60.0,-25.0,36
2018-2019,Cardiff,38,10,4,24,34.0,69.0,-35.0,34
2018-2019,Fulham,38,7,5,26,34.0,81.0,-47.0,26
2018-2019,Huddersfield,38,3,7,28,22.0,76.0,-54.0,16
2019-2020,Liverpool,38,32,3,3,85.0,33.0,52.0,99
2019-2020,Man City,38,26,3,9,102.0,35.0,67.0,81
2019-2020,Man United,38,18,12,8,66.0,36.0,30.0,66
2019-2020,Chelsea,38,20,6,12,69.0,54.0,15.0,66
2019-2020,Leicester,38,18,8,12,67.0,41.0,26.0,62
2019-2020,Tottenham,38,16,11,11,61.0,47.0,14.0,59
2019-2020,Wolves,38,15,14,9,51.0,40.0,11.0,59
2019-2020,Arsenal,38,14,14,10,56.0,48.0,8.0,56
2019-2020,Burnley,38,15,9,14,43.0,50.0,-7.0,54
2019-2020,Sheffield United,38,14,12,12,39.0,39.0,0.0,54
2019-2020,Southampton,38,15,7,16,51.0,60.0,-9.0,52
2019-2020,Everton,38,13,10,15,44.0,56.0,-12.0,49
2019-2020,Newcastle,38,11,11,16,38.0,58.0,-20.0,44
2019-2020,Crystal Palace,38,11,10,17,31.0,50.0,-19.0,43
2019-2020,Brighton,38,9,14,15,39.0,54.0,-15.0,41
2019-2020,West Ham,38,10,9,19,49.0,62.0,-13.0,39
2019-2020,Aston Villa,38,9,8,21,41.0,67.0,-26.0,35
2019-2020,Bournemouth,38,9,7,22,40.0,65.0,-25.0,34
2019-2020,Watford,38,8,10,20,36.0,64.0,-28.0,34
2019-2020,Norwich,38,5,6,27,26.0,75.0,-49.0,21
2020-2021,Man City,38,27,5,6,83.0,32.0,51.0,86
2020-2021,Man United,38,21,11,6,73.0,44.0,29.0,74
2020-2021,Liverpool,38,20,9,9,68.0,42.0,26.0,69
2020-2021,Chelsea,38,19,10,9,58.0,36.0,22.0,67
2020-2021,Leicester,38,20,6,12,68.0,50.0,18.0,66
2020-2021,West Ham,38,19,8,11,62.0,47.0,15.0,65
2020-2021,Tottenham,38,18,8,12,68.0,45.0,23.0,62
2020-2021,Arsenal,38,18,7,13,55.0,39.0,16.0,61
2020-2021,Everton,38,17,8,13,47.0,48.0,-1.0,59
2020-2021,Leeds,38,18,5,15,62.0,54.0,8.0,59
2020-2021,Aston Villa,38,16,7,15,55.0,46.0,9.0,55
2020-2021,Newcastle,38,12,9,17,46.0,62.0,-16.0,45
2020-2021,Wolves,38,12,9,17,36.0,52.0,-16.0,45
2020-2021,Crystal Palace,38,12,8,18,41.0,66.0,-25.0,44
2020-2021,Southampton,38,12,7,19,47.0,68.0,-21.0,43
2020-2021,Brighton,38,9,14,15,40.0,46.0,-6.0,41
2020-2021,Burnley,38,10,9,19,33.0,55.0,-22.0,39
2020-2021,Fulham,38,5,13,20,27.0,53.0,-26.0,28
2020-2021,West Brom,38,5,11,22,35.0,76.0,-41.0,26
2020-2021,Sheffield United,38,7,2,29,20.0,63.0,-43.0,23
2021-2022,Man City,38,29,6,3,99.0,26.0,73.0,93
2021-2022,Liverpool,38,28,8,2,94.0,26.0,68.0,92
2021-2022,Chelsea,38,21,11,6,76.0,33.0,43.0,74
2021-2022,Tottenham,38,22,5,11,69.0,40.0,29.0,71
2021-2022,Arsenal,38,22,3,13,61.0,48.0,13.0,69
2021-2022,Man United,38,16,10,12,57.0,57.0,0.0,58
2021-2022,West Ham,38,16,8,14,60.0,51.0,9.0,56
2021-2022,Leicester,38,14,10,14,62.0,59.0,3.0,52
2021-2022,Brighton,38,12,15,11,42.0,44.0,-2.0,51
2021-2022,Wolves,38,15,6,17,38.0,43.0,-5.0,51
2021-2022,Newcastle,38,13,10,15,44.0,62.0,-18.0,49
2021-2022,Crystal Palace,38,11,15,12,50.0,46.0,4.0,48
2021-2022,Brentford,38,13,7,18,48.0,56.0,-8.0,46
2021-2022,Aston Villa,38,13,6,19,52.0,54.0,-2.0,45
2021-2022,Southampton,38,9,13,16,43.0,67.0,-24.0,40
2021-2022,Everton,38,11,6,21,43.0,66.0,-23.0,39
2021-2022,Leeds,38,9,11,18,42.0,79.0,-37.0,38
2021-2022,Burnley,38,7,14,17,34.0,53.0,-19.0,35
2021-2022,Watford,38,6,5,27,34.0,77.0,-43.0,23
2021-2022,Norwich,38,5,7,26,23.0,84.0,-61.0,22
2022-2023,Man City,38,28,5,5,94.0,33.0,61.0,89
2022-2023,Arsenal,38,26,6,6,88.0,43.0,45.0,84
2022-2023,Man United,38,23,6,9,58.0,43.0,15.0,75
2022-2023,Newcastle,38,19,14,5,68.0,33.0,35.0,71
2022-2023,Liverpool,38,19,10,9,75.0,47.0,28.0,67
2022-2023,Brighton,38,18,8,12,72.0,53.0,19.0,62
2022-2023,Aston Villa,38,18,7,13,51.0,46.0,5.0,61
2022-2023,Tottenham,38,18,6,14,70.0,63.0,7.0,60
2022-2023,Brentford,38,15,14,9,58.0,46.0,12.0,59
2022-2023,Fulham,38,15,7,16,55.0,53.0,2.0,52
2022-2023,Crystal Palace,38,11,12,15,40.0,49.0,-9.0,45
2022-2023,Chelsea,38,11,11,16,38.0,47.0,-9.0,44
2022-2023,Wolves,38,11,8,19,31.0,58.0,-27.0,41
2022-2023,West Ham,38,11,7,20,42.0,55.0,-13.0,40
2022-2023,Bournemouth,38,11,6,21,37.0,71.0,-34.0,39
2022-2023,Nott'm Forest,38,9,11,18,38.0,68.0,-30.0,38
2022-2023,Everton,38,8,12,18,34.0,57.0,-23.0,36
2022-2023,Leicester,38,9,7,22,51.0,68.0,-17.0,34
2022-2023,Leeds,38,7,10,21,48.0,78.0,-30.0,31
2022-2023,Southampton,38,6,7,25,36.0,73.0,-37.0,25
2023-2024,Man City,38,28,7,3,96.0,34.0,62.0,91
2023-2024,Arsenal,38,28,5,5,91.0,29.0,62.0,89
2023-2024,Liverpool,38,24,10,4,86.0,41.0,45.0,82
2023-2024,Aston Villa,38,20,8,10,76.0,61.0,15.0,68
2023-2024,Tottenham,38,20,6,12,74.0,61.0,13.0,66
2023-2024,Chelsea,38,18,9,11,77.0,63.0,14.0,63
2023-2024,Newcastle,38,18,6,14,85.0,62.0,23.0,60
2023-2024,Man United,38,18,6,14,57.0,58.0,-1.0,60
2023-2024,West Ham,38,14,10,14,60.0,74.0,-14.0,52
2023-2024,Crystal Palace,38,13,10,15,57.0,58.0,-1.0,49
2023-2024,Bournemouth,38,13,9,16,54.0,67.0,-13.0,48
2023-2024,Brighton,38,12,12,14,55.0,62.0,-7.0,48
2023-2024,Everton,38,13,9,16,40.0,51.0,-11.0,48
2023-2024,Fulham,38,13,8,17,55.0,61.0,-6.0,47
2023-2024,Wolves,38,13,7,18,50.0,65.0,-15.0,46
2023-2024,Brentford,38,10,9,19,56.0,65.0,-9.0,39
2023-2024,Nott'm Forest,38,9,9,20,49.0,67.0,-18.0,36
2023-2024,Luton,38,6,8,24,52.0,85.0,-33.0,26
2023-2024,Burnley,38,5,9,24,41.0,78.0,-37.0,24
2023-2024,Sheffield United,38,3,7,28,35.0,104.0,-69.0,16
2024-2025,Liverpool,38,25,9,4,86.0,41.0,45.0,84
2024-2025,Arsenal,38,20,14,4,69.0,34.0,35.0,74
2024-2025,Man City,38,21,8,9,72.0,44.0,28.0,71
2024-2025,Chelsea,38,20,9,9,64.0,43.0,21.0,69
2024-2025,Newcastle,38,20,6,12,68.0,47.0,21.0,66
2024-2025,Aston Villa,38,19,9,10,58.0,51.0,7.0,66
2024-2025,Nott'm Forest,38,19,8,11,58.0,46.0,12.0,65
2024-2025,Brighton,38,16,13,9,66.0,59.0,7.0,61
2024-2025,Brentford,38,16,8,14,66.0,57.0,9.0,56
2024-2025,Bournemouth,38,15,11,12,58.0,46.0,12.0,56
2024-2025,Fulham,38,15,9,14,54.0,54.0,0.0,54
2024-2025,Crystal Palace,38,13,14,11,51.0,51.0,0.0,53
2024-2025,Everton,38,11,15,12,42.0,44.0,-2.0,48
2024-2025,West Ham,38,11,10,17,46.0,62.0,-16.0,43
2024-2025,Man United,38,11,9,18,44.0,54.0,-10.0,42
2024-2025,Wolves,38,12,6,20,54.0,69.0,-15.0,42
2024-2025,Tottenham,38,11,5,22,64.0,65.0,-1.0,38
2024-2025,Leicester,38,6,7,25,33.0,80.0,-47.0,25
2024-2025,Ipswich,38,4,10,24,36.0,82.0,-46.0,22
2024-2025,Southampton,38,2,6,30,26.0,86.0,-60.0,12
2025-2026,Arsenal,38,26,7,5,71.0,27.0,44.0,85
2025-2026,Man City,38,23,9,6,77.0,35.0,42.0,78
2025-2026,Man United,38,20,11,7,69.0,50.0,19.0,71
2025-2026,Aston Villa,38,19,8,11,56.0,49.0,7.0,65
2025-2026,Liverpool,38,17,9,12,63.0,53.0,10.0,60
2025-2026,Bournemouth,38,13,18,7,58.0,54.0,4.0,57
2025-2026,Sunderland,38,14,12,12,42.0,48.0,-6.0,54
2025-2026,Brighton,38,14,11,13,52.0,46.0,6.0,53
2025-2026,Brentford,38,14,11,13,55.0,52.0,3.0,53
2025-2026,Chelsea,38,14,10,14,58.0,52.0,6.0,52
2025-2026,Fulham,38,15,7,16,47.0,51.0,-4.0,52
2025-2026,Everton,38,13,10,15,47.0,50.0,-3.0,49
2025-2026,Newcastle,38,14,7,17,53.0,55.0,-2.0,49
2025-2026,Leeds,38,11,14,13,49.0,56.0,-7.0,47
2025-2026,Crystal Palace,38,11,12,15,41.0,51.0,-10.0,45
2025-2026,Nott'm Forest,38,11,11,16,48.0,51.0,-3.0,44
2025-2026,Tottenham,38,10,11,17,48.0,57.0,-9.0,41
2025-2026,West Ham,38,10,9,19,46.0,65.0,-19.0,39
2025-2026,Burnley,38,4,10,24,38.0,75.0,-37.0,22
2025-2026,Wolves,38,3,11,24,27.0,68.0,-41.0,20
